Name,Size,Nonzeri,Cond
,0,0,0
,0,0,0
ex15.mat,6867,98671,14326420467489.8
cfd1.mat,70656,1825580,1335080.64953855
shallow_water1.mat,81920,327680,3.62802662439427
cfd2.mat,123440,3085406,2347378.34042255
parabolic_fem.mat,525825,3674625,211082.028519877
