Sistema,PythonE,MatlabE
Ubuntu,8.21365066759209e-08,8.87357379869016e-08
Windows,9.18097185570828e-08,8.87357380481388e-08
