Sistema,Python,Matlab
Ubuntu,925.652578571429,792.217142857143
Windows,912.814285714286,824.3
