Name,Size,Error,Time,Memory
ex15.mat,6867,6.21101177460821e-07,0.0246341,0.6
cfd1.mat,70656,1.06527168005336e-13,2.691809,391.1
shallow_water1.mat,81920,2.37726748191307e-16,0.3723136,38.6
cfd2.mat,123440,3.44753925380174e-13,6.6855453,759.1
parabolic_fem.mat,525825,1.0478545598011e-12,4.2168941,476.4
apache2.mat,715176,4.39138283170638e-11,16.7076237,1882.6
G3_circuit.mat,1585478,3.5756744536545e-12,21.9720263,2221.7
