Name,Size,Error,Time,Memory
ex15,6867,5.74899251259419e-07,0.03490853309631348,6.9758
cfd1,70656,5.936158223747172e-14,2.9558537006378174,488.30950000000007
shallow_water1,81920,1.9296410841330806e-16,0.3795313835144043,14.94825
cfd2,123440,2.550895397389591e-13,7.044650316238403,926.7915
parabolic_fem,525825,6.482756459943939e-13,3.443179130554199,607.8955
apache2,715176,5.043685103650053e-11,17.51576018333435,2003.0655000000002
G3_circuit,1585478,4.895701258960666e-12,22.012600421905518,2431.582
