Sistema,PythonT,MatlabT
Ubuntu,7.626640524183,5.72709
Windows,6.2414471421923,7.52440658571429
